ID_PROYECTO,NOMBRE_PROYECTO,RESUMEN,OBJETIVO,ORIGEN,DESCRIPCION_CONVOCATORIA,TIPO_PROYECTO,FECHA_INICIO,FECHA_FIN,ESTADO,TOTAL_PRESUPUESTO_INTERNO,TOTAL_GASTOS_NOMINA,TOTAL_OTRO_PRESUPUESTO,PRESUPUESTO_EXTERNO,PRESUPUESTO_TOTAL,CUANTIA
3806,"Dignidad humana y Humanismo en el investigador
El investigador como sujeto vital en la perspectiva del Pacto Educativo Global","El Pacto Educativo Global pone la persona en el centro y la Universidad debe preocuparse por el investigador. Apunta a la Línea Fraternidad y Desarrollo para valorar la vida del investigador y su finitud en la academia. Debe asumirse su vulnerabilidad, condición de la persona. Su mundo de la vida acontece, la investigación debe servir para reflexionar su sentido. Preguntar esto debería llevar a su contexto vital para visibilizarlo, motivar la dignificación y mejorar las condiciones de su labor.","Analizar fenomenológicamente la experiencia del investigador desde su “mundo de la vida”, para visibilizar perspectivas de humanización y dignificar la actividad científica, siguiendo las líneas principales del Pacto Educativo Global.",CONVOCATORIA,Convocatoria externa para la financiaciòn de proyectos año 2022,INVESTIGACION,01/07/2022,10/11/2023,EN_EJECUCION,20419368,0,0,119565292,139984660,MENOR
3805,Caracterización de emprendimientos sociales creados por jóvenes de Medellín,"Esta propuesta propone la caracterización de los emprendimientos sociales de los jóvenes de
Medellín, identificando la capacidad de atender necesidades sociales. Se propone la aplicación
de unos instrumentos adaptados del GEM que evalúan incidencia de factores institucionales
formales e informales y las problemáticas o fenómenos sociales que inciden en la labor del
emprendimiento social, sumado al reconocimiento del compromiso que han alcanzado los clientes y colaboradores involucrados","Caracterizar emprendimientos sociales creados por jóvenes de Medellín, con el fin de
determinar la labor que hacen estas empresas al conciliar la generación de lucro con la
creación de valor social en los territorios donde tienen presencia.",CONVOCATORIA,Convocatoria externa para la financiaciòn de proyectos año 2022,INVESTIGACION,01/07/2022,10/11/2023,EN_EJECUCION,29892625,0,0,60782880,90675505,MENOR
3796,"Iglesia y paz, cuarta fase: Contribuciones de las Comunidades religiosas católicas a la paz de Colombia
","La presente investigación busca identificar y analizar las contribuciones de la vida consagrada colombiana (VC) a la paz en las dos primeras décadas del siglo XXI leídas desde la perspectiva de la teología de la paz que se ha venido construyendo en las fases anteriores del proyecto Iglesia y paz., el análisis de la actuación de la Iglesia Católica, en sus componentes Episcopal, clerical, laical y, ahora, la vida consagrada, implica su enraizamiento histórico",Analizar las contribuciones de la vida religiosa consagrada colombiana a la paz a través del análisis de sus carismas fundacionales en el horizonte de la teología de la paz,DIRECTO,,INVESTIGACION,01/02/2022,11/11/2022,EN_EJECUCION,11574600,0,0,0,11574600,
3795,Humanismo cristiano. La voz profesoral desde las universidades pertenecientes al convenio UNICATÓLICAS. Fase III,"La presente propuesta da continuidad a un programa investigativo interinstitucional entre la Universidad Católica de Pereira (UCP), la Universidad Católica de Manizales (UCM) y la Fundación Universitaria Católica Lumen Gentium – Unicatólica (FUCLG) en relación con el Humanismo Cristiano. Labores investigativas que desde el 2018, han trabajado sobre la incidencia de la formación humano-cristiana en de las universidades católicas pertenecientes al convenio Unicatólicas – Fase I. ","Comprender analíticamente los conocimientos, el sentido reflexivo y las vivencias de los profesores de los departamentos misionales del convenio de las Universidades Católicas respecto a las cuatro dimensiones del humanismo cristiano (interna, convivencial, sistémica y espiritual)",DIRECTO,,INVESTIGACION,01/02/2022,11/11/2022,EN_EJECUCION,12323616,0,0,0,12323616,
3793,Estrategias de legitimación de la psiquiatría en Colombia. El papel de las publicaciones especializadas en la primera mitad del siglo XX,"Esta propuesta de investigación indaga en algunas estrategias de legitimación científica de la psiquiatría en Colombia durante la primera mitad del siglo XX, en particular, en las publicaciones especializadas y de difusión periódica (revistas, gacetas, anales, etc.). ",Analizar las configuraciones institucionales y discursivas de las publicaciones especializadas  de la psiquiatría durante la primera mitad del siglo XX en Colombia,CONVOCATORIA,Convocatoria externa para la financiación de proyectos año 2022,INVESTIGACION,01/02/2022,30/11/2022,EN_EJECUCION,8987696,0,0,72886101,81873797,MENOR
3792,El consumo como estrategia de adaptación social de inmigrantes venezolanos en Medellín,"Los inmigrantes se enfrentan a un proceso de adaptación a condiciones sociales, materiales, económicas y culturales en un lugar completamente diferente ajeno a
sus raíces. Lo cual implica la adquisición de habilidades y conocimientos que conlleva al inmigrante a tomar decisiones de consumo que faciliten su integración a
la sociedad de acogida. Por tal motivo se diseñó un estudio cualitativo desde un enfoque etnográfico y fenomenológico que permita identificar la relación entre su
proceso de adaptación y las prácticas de consumo de inmigrantes venezolanos residentes en Medellín. Esta investigación sirve de antesala a futuras investigaciones","Esta investigación tiene como propósito identificar la relación entre la adaptación social y las prácticas de consumo de inmigrantes indocumentados Venezolanos en
Medellín",DIRECTO,,INVESTIGACION,01/02/2022,11/11/2022,EN_EJECUCION,0,0,0,0,0,
3791,"Mediaciones digitales de las bibliotecas públicas en Internet. Un análisis articulado
de metamedios","El proyecto pretende establecer las innovaciones que han realizado las bibliotecas públicas y nacionales para las mediaciones, transferencia y comunicaciones digitales, entre sus metamedios y las ciudadanías. Además, contribuye con: - Datos de mediaciones digitales - información mecanismos de transferencia de nuevo conocimiento - Estrategias de comunicación - ODS desde promoción de oportunidades de aprendizaje y promoción de investigación y de innovación científica","Analizar los tipos de mediaciones, transferencias y comunicaciones digitales de las bibliotecas públicas en Internet que permitan un análisis articulado de los ecosistemas digitales, desde los metamedios, portales y plataformas de las Américas y la Unión Europea",DIRECTO,,INVESTIGACION,01/02/2022,11/11/2022,EN_EJECUCION,13235040,0,0,18516000,31751040,
3787,Formación del recurso humano de la Universidad Católica Luis Amigó al equipo núcleo de gestión AID- Fase III,"La presente propuesta busca aprehender el enfoque AID con el fin de impulsarle como opción investigativa para la generación de conocimiento útil para la toma de decisiones, lo cual se pretende desarrollar en trabajo conjunto con la UAM y sus universidades aliadas",Ejecutar el proyecto de formación del recurso humano de la Universidad Católica Luis Amigó en la metodología de investigación orientada a la acción y toma de decisiones (AID),DIRECTO,,INVESTIGACION,03/01/2022,11/11/2022,EN_EJECUCION,20401689,0,0,0,20401689,
3783,Hacia una comprensión integral e integradora del suicidio. “la realidad no vista por unos y padecida por otros” La prevención del suicidio es una posibilidad de todos y todas- Fase 5,"esta investigación pretende contribuir a la des estigmatización social, sobre la enfermedad mental y acompañar procesos de psi coeducación familiar y social, que aporten a mejorar las condiciones de vida de las personas con alguna afectación mental, psicológica y emocional","Contribuir al abordaje integral de la problemática del suicido a partir del diseño, aplicación y evaluación de un programa dirigido a la prevención y atención del comportamiento suicida, en diferentes contextos colombianos",DIRECTO,,INVESTIGACION,01/02/2022,11/11/2022,EN_EJECUCION,158304277,0,0,0,158304277,
3779,"Macroproyecto Centro Integral Familiar con perspectiva de género. Fase 1: Fundamentación teórica, didáctica y articulaciones para la creación del Centro Integral Familiar con perspectiva de género 2022","Proponer la fundamentación teórica, pedagógica, didáctica y de articulación de un escenario de prácticas e investigaciones de carácter interdisciplinario para la formación de abogados, especialistas y magíster de la Facultad de Derecho y Ciencias Políticas, que se articule con otros programas de pregrado y posgrados de la Universidad Católica Luis Amigó que tengan intereses en las Familias y el Derecho de Familia desde una perspectiva de género","Proponer la creación de un Centro Integral Familiar con perspectivas de género en la Universidad Católica Luis Amigó. Objetivo general proyecto Fase I: Fundamentar desde los aspectos teóricos, pedagógicos y didácticos la creación del Centro Integral Familiar con perspectiva de género, a través de la articulación de diferentes programas de la Universidad Católica Luis Amigó.",DIRECTO,,INVESTIGACION,01/02/2022,11/11/2022,EN_EJECUCION,8786764,0,0,0,8786764,
3771,Optimización de una red logística terrestre para el transporte de cargas empresariales desde la óptica de la programación lineal: Un caso de estudio real intermunicipal en el contexto del COVID-19,"El Covid-19 ha generado grandes consecuencias que trascienden el área de la salud poniendo en consideración estrategias que a través de los años satisfacían la dinámica de los mercados en términos de demanda, oferta, tiempos y servicios. La logística se ha convertido en un área de interés de estudio debido a los nuevos requerimientos de los sistemas, sus restricciones y las técnicas robustas necesarias para su incorporación a los procesos de transporte.",Optimizar la red logística terrestre para el transporte de cargas empresariales implementando la programación lineal en un caso de aplicación real.,CONVOCATORIA,Convocatoria externa para la financiación de proyectos año 2022,INVESTIGACION,01/02/2022,11/11/2022,EN_EJECUCION,7005116,0,0,12573050,19578166,MENOR
3768,Publicación Resultados de tesis doctoral “ética de la Autenticidad del contador público en su práctica profesional”- Fase 2,-,-,DIRECTO,,INVESTIGACION,01/02/2022,11/11/2022,EN_EJECUCION,44069350,0,0,0,44069350,
3764,Estrategias didáctica pedagógicas en la investigación formativa ,-,-,DIRECTO,,INVESTIGACION,01/02/2022,11/11/2022,EN_EJECUCION,45593992,0,0,0,45593992,
3736,Fase 6. Validez del constructo de la Neuropsicopedagogía en diferentes grupos poblacionales de la ciudad de Medellín,"Existen múltiples investigaciones desde el área de la Neuropsicología, la psicología y la pedagogía que de manera aislada e independiente han identificado el funcionamiento de algunos factores que terminan relacionándose con los procesos de enseñanza-aprendizaje, pero no existen estudios que a través de la evidencia empírica logren confirmar que pudiera existir un constructo denominado Neuropsicopedagogía, que explica los procesos de enseñanza-aprendizaje","Determinar la existencia del constructo de la Neuropsicopedagogía a través de la identificación de los factores psicológicos, neuropsicológicos y pedagógicos que explican el aprendizaje
",DIRECTO,,INVESTIGACION,01/02/2022,11/11/2022,EN_EJECUCION,68060070,0,0,0,68060070,
3732,Liderazgos comunitarios y empoderamiento femenino en Urabá: tejiendo caminos hacia la dignidad (SEGUNDA FASE),"El proyecto de investigación denominado liderazgos comunitarios y empoderamiento femenino en Urabá: tejiendo caminos hacia la dignidad tiene por objetivo analizar el empoderamiento de las mujeres lideresas comunitarias de la subregión de Urabá, siendo los escenarios de interés el acceso y la capacidad de decisión con respecto a la seguridad económica, el acceso a la educación y la participación política",Analizar el empoderamiento femenino en las lideresas comunitarias de la subregión de Urabá,DIRECTO,,INVESTIGACION,01/02/2022,11/11/2022,EN_EJECUCION,19673528,0,0,4244960,23918488,
3726,Pedagogías de paz y memoria,"Segunda fase del proyecto “Juvenicidio y prácticas de paz”, aporta a la meta 16.1 “Reducir significativamente todas las formas de violencia y las correspondientes tasas de mortalidad en todo el mundo” (ODS), en cuant0 reducción de las violencias, mediante el trabajo con pedagogías de paz y memoria. Para lo cual, se tendrá como ruta metodológica la estrategia de investigación social Zoom, con fundamento epistemológico hermenéutico.  ","Realizar pedagogías de paz y memoria, a partir de los resultados obtenidos con el mapeo de las formas de violencia y prácticas de paz juvenil.",CONVOCATORIA,Convocatoria presentación proyectos continuidad año 2022,INVESTIGACION,01/02/2022,11/11/2022,EN_EJECUCION,14917098,0,0,0,14917098,MENOR
3717,"Diagnóstico de la incidencia del proceso formativo de estudiantes de niveles avanzados del programa de Comunicación Social de la Universidad Católica Luis Amigó, sede Medellín, en las percepciones sobre la violencias simbólica audiovisual ","En relación con el objetivo planteado, esta investigación es exploratoria y comprende un enfoque metodológico mixto. Parte de los referentes conceptuales de violencia simbólica de Bourdieu (1997) y percepción (Oviedo), los cuales se discutirán desde la propuesta teórico - práctica de 3 componentes formativos del programa de Comunicación Social: Audiovisual, de Periodismo y Comunicación - Educación.","Diagnosticar la incidencia del proceso formativo teórico - práctico de los estudiantes matriculados entre el sexto y décimo nivel del pregrado en Comunicación Social de la Universidad Católica Luis Amigó, semestre 2022 – I, en las percepciones sobre la violencia simbólica representada en los contenidos audiovisuales que consumen.",CONVOCATORIA,Convocatoria interna para la financiación de proyectos año 2022,INVESTIGACION,01/02/2022,11/11/2022,EN_EJECUCION,15497992,0,0,0,15497992,MENOR
3706,Evaluación de la variabilidad de la respuesta dinámica de los suelos colombianos a través de la comparación de las PSA teóricas e instrumentados. ,"Evaluación de la variabilidad de la respuesta dinámica de los suelos colombianos a través de la comparación de las PSA teóricas e instrumentados. 
",Comparar las aceleraciones pico efectivas (PSA) teóricas con las instrumentales que se presentan en los suelos colombianos.,CONVOCATORIA,Convocatoria interna para la financiación de proyectos año 2022,INVESTIGACION,01/02/2022,11/11/2022,EN_EJECUCION,16972438,0,0,0,16972438,MENOR
3689,La morfología organizacional y la planeación estratégica de empresas mypimes de empresas de la ciudad de Medellín. Estudio de caso multiple,"El proyecto presentado busca diagnosticar la morfología organizacional y la planeación estratégica de empresas mypimes de empresas de la ciudad de Medellín, para ello se explorara la morfología organizacional y la planeación estratégica en las mipymes definidas en el estudio de caso y se determinara los factores morfológicos y organizacionales de las mipymes definidas en el estudio de caso. la investigación es de tipo cualitativo",Diagnosticar la morfología organizacional y la planeación estratégica de empresas mypimes de empresas de la ciudad de Medellín,CONVOCATORIA,Convocatoria interna para la financiación de proyectos año 2022,INVESTIGACION,01/02/2022,11/11/2022,EN_EJECUCION,16562089,0,0,0,16562089,MENOR
3688,"Análisis crítico de la evasión tributaria y sus implicaciones en América Latina: estudio de caso en Colombia, México y Guatemala","La evasión fiscal es una práctica nociva que distorsiona el sistema tributario, desfigura la naturaleza del tributo, profundiza las desigualdades. Los altos índices de evasión en América Latina, la coyuntura socio política y económica que vive la región, ha incitado al legislador a crear nuevos tributos como   mecanismo de financiación del Estado.","Analizar las causas y implicaciones de la evasión tributaria en Colombia, México y Guatemala durante los últimos 10 años ",CONVOCATORIA,Convocatoria interna para la financiación de proyectos año 2022,INVESTIGACION,01/02/2022,11/11/2022,EN_EJECUCION,15791880,0,0,4540000,20331880,MENOR
3687,Encapsulación por coacervación de puré de mortiño (Vaccinium meridionale Swartz) usando secado por ventana de refractancia.,"El objetivo de esta propuesta de investigación es evaluar el proceso de encapsulación del puré de mortiño por coacervación usando el secado por ventana de refrantancia. Serán determinadas las propiedades fisicoquímicas, estructurales y morfológicas del puré encapsulado. Con esta propuesta se pretende aprovechar el uso de procesos combinados con el fin de mantener las características nutracéuticas y sensoriales del puré de mortiño. ","Evaluar el proceso de encapsulación por coacervación de puré de mortiño, usando el secado por ventana de refractancia y su uso en una preparación gastronómica  ",CONVOCATORIA,Convocatoria interna para la financiación de proyectos año 2022,INVESTIGACION,01/02/2022,30/06/2023,EN_EJECUCION,39606112,0,0,29782200,69388312,MENOR
3685,INCREMENTO A LA ADICCIÓN A FACEBOOK Y CONTROL DE REDES SOCIALES EN LOS JÓVENES EN TIEMPOS DE COVID 19,"El confinamiento estricto, las restricciones de contacto con las personas y la baja sociabilidad personal en el que el mundo entero se encuentra actualmente por las condiciones pandémicas propician un ambiente digital en las diferentes áreas y profesiones; las nuevas modalidades de trabajo y estudio generan más dependencia a la internet y a las redes sociales en especial Facebook. Los jóvenes para ser más sociables han generando adicción a esta red social y a la internet sin ningún control.",Identificar el incremento a la Adicción a Facebook y control de redes sociales en los jóvenes de la ciudad de Medellín en tiempos de pandemia.,CONVOCATORIA,Convocatoria interna para la financiación de proyectos año 2022,INVESTIGACION,01/02/2022,11/11/2022,EN_EJECUCION,13911307,0,0,0,13911307,MENOR
3678,Callous Unemotional Traits y Teoría de la Mente en el Trastorno de Conducta (POLA-2022),"La presente investigación pretende explorar asociaciones entre rasgos psicopáticos, procesos de teoría de la mente en una muestra con trastorno de conducta","Establecer asociaciones entre rasgos psicopáticos, procesos de teoría de la mente en una muestra con trastorno de conducta",CONVOCATORIA,Convocatoria interna para la financiación de proyectos año 2022,INVESTIGACION,01/02/2022,11/11/2022,EN_EJECUCION,38530497,0,0,16000000,54530497,MENOR
3675,Observatorio de Educación Superior Inclusiva (OESI) ,El Observatorio de Educación Superior Inclusiva (OESI) es un proyecto gestado en el Grupo de Apoyo Para la Inclusión (GAPI) de La Universidad Católica Luis Amigó en convenio con La Universidad Autónoma Latinoamericana. Busca ser un espacio de compromiso socioeducativo con la generación de información y seguimiento sobre la situación de los derechos de las Personas con Discapacidad (PcD) dentro de las dos universidades aliadas,"Construir conocimiento sobre educación superior inclusiva en la Universidad Católica Luis Amigó, la Universidad Autónoma Latinoamericana y la Fundación Universitaria María Cano del municipio de Medellín.",CONVOCATORIA,Convocatoria interna para la financiación de proyectos año 2022,INVESTIGACION,01/02/2022,11/11/2022,EN_EJECUCION,39954398,0,0,16274237,56228635,MENOR
3668,Minería de datos aplicado a la industria de software,"La Ciencia de Datos es un conjunto de principios fundamentales que apoyan y guían la extracción de información y conocimiento a partir de los datos; incluye diversas metodologías, técnicas, algoritmos y herramientas que facilitan el procesamiento avanzado y automático de los mismos; permitiendo identificar información relevante y estratégica, como técnicas para aplicarlo en la industria de Software",Articular diversas técnicas de tratamiento de información y su visualización brindada por la Ciencia de Datos aplicado en la industria de Software,CONVOCATORIA,Convocatoria interna para la financiación de proyectos año 2022,INVESTIGACION,01/02/2022,11/11/2022,EN_EJECUCION,9958781,0,0,0,9958781,MENOR
3666,Propaganda y guerra. La comunicación y la publicidad en el escenario geopolítico y social.,"En esta investigación se pretende bordar la importancia, evolución, retos y perspectivas en el escenario cultural, social, político, económico, la propaganda para los diversos contextos geopolíticos desde la comunicación y la publicidad como formas de integrarse y utilizarse en los discursos de guerra. El tema se dirige a la reflexión académica en su labor de interacción con fenómenos de estudio interdisciplinario articulado a los retos contemporáneos del orden mundial, regional y local.","Abordar la importancia, evolución, retos y perspectivas de la propaganda y los diversos ámbitos geopolíticos en los avances de comunicación y de publicidad como formas de integrarse y utilizarse en contextos de guerra.",CONVOCATORIA,Convocatoria interna para la financiación de proyectos año 2022,INVESTIGACION,01/02/2022,11/11/2022,EN_EJECUCION,16196800,0,0,3588675,19785475,MENOR
3665,Estudio computacional de sistemas químicos como posibles sensores de contaminantes metálicos - I.,"El mercurio es uno de los elementos más tóxicos, y aún en bajas concentraciones puede generar efectos perjudiciales a la fauna silvestre y los seres humanos. La toxicidad del mercurio depende de la exposición y su forma química, produciendo efectos en muchos sistemas, aunque el nervioso es su blanco principal. ",Diseñar teóricamente sensores químicos sensibles a la presencia de Hg+2 en fuentes hídricas. ,CONVOCATORIA,Convocatoria interna para la financiación de proyectos año 2022,INVESTIGACION,01/02/2022,11/11/2022,EN_EJECUCION,14317940,0,0,0,14317940,MENOR
3661,El reconocimiento de las víctimas del conflicto armado colombiano en el marco de procesos de reconciliación social.,"Investigación cualitativa de tipo hermenéutica para comprender los diferentes procesos de reconocimiento hacia las victimas del conflicto armado, que se gestan al interior de estrategias de atención e iniciativas de acción psicosocial, dado que después de una década de la emergencia de la ley 1448, el principal obstáculo que las víctimas enuncian para la reconciliación social es la falta de escucha y reconocimiento como auténticos otros en la sociedad.","Comprender los procesos de reconocimiento social a las víctimas del conflicto armado por parte de diferentes actores sociales en el marco de espacios conversacionales y considerar las posibilidades que dichos procesos agencias para la reconciliación social. 
",CONVOCATORIA,Convocatoria interna para la financiación de proyectos año 2022,INVESTIGACION,01/02/2022,11/11/2022,EN_EJECUCION,16360637,0,0,0,16360637,MENOR
3657,Desarrollo de un modelo que permita estimar la capacidad calorífica de líquidos iónicos,"En este proyecto de investigación se desarrollará un modelo generalizado para predecir la capacidad calorífica de líquidos iónicos. Para cada uno de los parámetros asociados al modelo se seleccionará un descriptor molecular que represente los datos y mediante un proceso de optimización se estimarán las constantes. Por último, se comparará con otros propuestos en la literatura científica para determinar la bondad y robustez del modelo",Desarrollar un modelo generalizado que permitan describir la capacidad calorífica de líquidos iónicos,CONVOCATORIA,Convocatoria interna para la financiación de proyectos año 2022,INVESTIGACION,01/01/2022,31/10/2022,EN_EJECUCION,16542952,0,0,0,16542952,MENOR
3651,Impacto de los procesos de capacitación de los docentes del centro regional Manizales y las necesidades de formación en el marco de la acreditación y aprendizaje en el contexto actual ,"La investigación plantea adelantar un análisis con el fin de establecer los impactos de los procesos de capacitación  de los docentes del centro regional Manizales y las necesidades de formación en el marco de la acreditación y aprendizaje en el contexto actual 
Resultado esperado
Artículo b,  2 procesos de formación del talento humano en categoría B",Determinar el impacto de los procesos de capacitación de los docentes del centro regional Manizales y las necesidades de formación en el marco de la acreditación y aprendizaje en el contexto actual ,CONVOCATORIA,Convocatoria interna para la financiación de proyectos año 2022,INVESTIGACION,01/02/2022,11/11/2022,EN_EJECUCION,14917098,0,0,0,14917098,MENOR
3649,La Third Quest del Jesús histórico desde Colombia: lectura decolonial y colombianidad,"El proyecto propone una aproximación a la construcción de una lectura decolonial del creer. Según Santiago Castro-Gómez y otros autores, la crítica decolonial ha trascurrido por tres vías importantes: la deconstrucción del poder, del saber y del ser. Leyendo las realidades y necesidades espirituales de los pueblos latinoamericanos, en especial, el colombiano, consideramos necesaria empezar a trabajar en una decolonialidad del creer.",Identificar los conceptos iniciales con los cuales se pueda construir una decolonialidad del creer en Colombia.,CONVOCATORIA,Convocatoria interna para la financiación de proyectos año 2022,INVESTIGACION,01/02/2022,11/11/2022,EN_EJECUCION,13819759,0,0,0,13819759,MENOR
3648,Las masas y su interpretación de la realidad. Sobre la relación entre comprensión y política.,"La paz, la justicia y las instituciones sólidas, uno de los objetivos de desarrollo sostenible, requieren pensar el problema de las masas y su rol en el acontecer político. Sus acciones y manifestaciones se basan en una interpretación de su realidad, por lo que es necesario preguntarse cómo se da dicha interpretación. Para ello recurriremos al pensamiento hermenéutico y sus posibilidades de aplicación en el campo político.",Comprender los aspectos fundamentales de las masas como fenómeno social y político.,CONVOCATORIA,Convocatoria interna para la financiación de proyectos año 2022,INVESTIGACION,01/02/2022,11/11/2022,EN_EJECUCION,14010232,0,0,0,14010232,MENOR
3647,La noche oscura y la noche de la nada: la experiencia de la vacuidad en la mística cristiana. Una lectura de diálogo intercultural con el budismo zen. ,"Actualmente, hombres, mujeres, místicos y místicas habitan la égida de un nihilismo cultural que les hace transitar una noche de la ausencia. Cómo concebir ese fenómeno como espacio de posibilidad para la espiritualidad occidental al nutrirse de la nada como vacuidad: es decir, aquella ausencia ¿podría mostrarnos que frente a nosotros no queda más que la vida, el único y primer regalo, que no hay nada que traspasar o trascender, pero sí ver a través de, como lo afirma Boddhidharma?","Transitar en la comprensión de dos fenómenos de la mística cristiana referidos por la tradición carmelita en dos momentos diferentes, uno asiste al ascenso de una experiencia singular de vivencia de Dios, desde un diálogo intercultural con el budismo zen que ponga bajo una luz la vacuidad más allá del nihilismo cultural que caracteriza actualmente a Occidente",CONVOCATORIA,Convocatoria interna para la financiación de proyectos año 2022,INVESTIGACION,01/02/2022,11/11/2022,EN_EJECUCION,16685907,0,0,0,16685907,MENOR
3646,Estructuras ideológicas subyacentes en dos obras de Fernando Vallejo a partir del análisis crítico del discurso con énfasis en el modelo sociocognitivo,"El proyecto pretende hacer una caracterización ideológica del texto literario por medio del análisis del discurso de Fernando Vallejo en dos obras: “El desbarrancadero” y “Memorias de un hijueputa”, por medio de la aplicación del modelo sociocognitivo del análisis crítico del discurso propuesto por Teun Van Dijk (1980, 1996, 2006, 2012), quien establece las nociones ideológicas ligadas a la producción del discurso y brinda un modelo bajo dos ítems: Superestructura y Macroestructura.","Establecer los elementos ideológicos en las obras “El desbarrancadero” y “Memorias de un Hijueputa” de Fernando Vallejo, a partir de la aplicación del modelo Sociocognitivo del Análisis crítico del discurso propuesto por Teun Van Dijk.",CONVOCATORIA,Convocatoria interna para la financiación de proyectos año 2022,INVESTIGACION,01/02/2022,11/11/2022,EN_EJECUCION,13086937,0,0,0,13086937,MENOR
3636,Las competencias socioemocionales y el impacto en la salud mental en jóvenes universitarios,"Las competencias socioemocionales son un subconjunto de competencias personales, que acogen diversos aspectos sociales y emocionales complejos de definir en sus componentes. Con base en el modelo de habilidad de Mayer y Salovey se propone esta investigación cuantitativa, correlacional y predictiva que busca establecer cuál es la influencia de las competencias socioemocionales en la salud mental de estudiantes universitarios.
",Establecer la influencia de las competencias socioemocionales en la salud mental de estudiantes universitarios.,CONVOCATORIA,Convocatoria interna para la financiación de proyectos año 2022,INVESTIGACION,01/02/2022,11/11/2022,EN_EJECUCION,12722509,0,0,2710000,15432509,MENOR
3632,"Los derechos humanos en el Derecho colombiano, 2a Fase","la Corte Constitucional mediante jurisprudencias fundamentadas en el Iuspositivismo y el Iuspositivismo sociológico, ha venido reconociendo derechos cuestionables por la sociedad, desde nuestro contexto cultural.
Esta problemática de orden cultural nos conlleva a la siguiente pregunta aporetica: ¿Cuáles son los derechos humanos en el Derecho colombiano?",Determinar los derechos humanos en el Derecho colombiano,CONVOCATORIA,Convocatoria interna para la financiación de proyectos año 2022,INVESTIGACION,01/02/2022,11/11/2022,EN_EJECUCION,16333626,0,0,0,16333626,MENOR
3630,"Situación laboral, formación académica y social de los graduados de la Universidad Católica Luis Amigó","Los resultados de los estudios de graduados constituyen una fuente de información valiosa para diferentes grupos de interés: los directivos de las instituciones pueden analizar, según los resultados obtenidos, la pertinencia y de los programas académicos ofrecidos, para realizar los ajustes necesarios y, adicionalmente, programar actividades de interés para la comunidad universitaria. ","Analizar la situación laboral, formación académica y social de los graduados de la Universidad Católica Luis Amigó.",CONVOCATORIA,Convocatoria interna para la financiación de proyectos año 2022,INVESTIGACION,01/02/2022,11/11/2022,EN_EJECUCION,18667929,0,0,0,18667929,MENOR
3629,"Afrontamiento, depresión, ansiedad y apoyo social en adultos ","Los hechos de  violencia vividos en los países y las realidades frente al aislamiento por el COVID-19 tienen efectos en la salud mental de todos, porque se vive en medio de la pérdida del empleo, la violencia social, las  muertes inesperadas, las rupturas de pareja, la falta de contacto con los amigos, siendo necesario identificar de manera precoz la presencia de la depresión, la ansiedad en los individuos, así como fortalecer las estrategias de afrontamiento y las redes de apoyo social ","Analizar los aportes  del afrontamiento, las redes de apoyo social y virtual de los adultos durante el COVID 19
Analizar los síntomas nucleares relacionados con la depresión y ansiedad en personas adultas a raíz del aislamiento por el COVID 19",CONVOCATORIA,Convocatoria interna para la financiación de proyectos año 2022,INVESTIGACION,01/02/2022,11/11/2022,EN_EJECUCION,15227098,0,0,0,15227098,MENOR
3627,Estereotipos de belleza: construcción de los cuerpos femeninos. Un acercamiento de las cirugías estéticas.,"Esta investigación pretende abordar los estereotipos de belleza desde una perspectiva cualitativa, teniendo en cuenta las intervenciones quirúrgicas a las cuales las mujeres son sometidas, este estudio describirá los elementos   psicológicos, sociológicos, culturales y también las razones por las cuales las mujeres quieren construir sus cuerpos adaptados a los estereotipos.  ",Describir estereotipos de belleza predominantes de las mujeres acerca de la construcción de la belleza corporal femenina que aparecen en los medios y a su vez indagar respecto de las razones sociales que influyen directamente en su decisión.,CONVOCATORIA,Convocatoria interna para la financiación de proyectos año 2022,INVESTIGACION,01/02/2022,11/11/2022,EN_EJECUCION,15791880,0,0,0,15791880,MENOR
3626,Producción de materiales inorgánicos por síntesis de combustión usando cafeína como combustible,"Colombia es el mayor productor de café arábico suave lavado en el mundo, sólo en el año 2020 se produjeron en Colombia 13,9 billones de sacos de 60 kilos de café verde, lo cual representa ingresos para los campesinos colombianos. Entre los principales compuestos químicos del café, la cafeína se caracteriza por ser una molécula orgánica que podría ser utilizada como combustible en la síntesis por combustión de materiales inorgánicos. ",Efecto del combustible cafeína en la síntesis por combustión de óxidos inorgánicos,CONVOCATORIA,Convocatoria interna para la financiación de proyectos año 2022,INVESTIGACION,01/02/2022,11/11/2022,EN_EJECUCION,16542952,0,0,0,16542952,MENOR
3625,¿Cómo construir la competencia intercultural a través de la enseñanza y aprendizaje del inglés como lengua extranjera en varios centros regionales?,"Esta investigación de corte cualitativo busca explorar la relación entre enseñanza y aprendizaje de  inglés con la competencia intercultural en tres centros: Medellín, Apartadó y Bogotá. Con ello se espera contribuir a procesos educativos integrales en la formación de ciudadanos globales con visiones interculturales. ",Analizar como la enseñanza y aprendizaje del inglés como lengua extranjera se relaciona con la construcción de la competencia intercultural. ,CONVOCATORIA,Convocatoria interna para la financiación de proyectos año 2022,INVESTIGACION,01/02/2022,11/11/2022,EN_EJECUCION,22534315,0,0,0,22534315,MENOR
3623,Manual laboral: Guía teórico practica para la gestión humana en la Universidad Católica Luis Amigó,"El concepto de trabajo humano desde su acepción jurídica y establecida en el artículo 5° del CST, es entendido como: toda actividad humana libre, ya sea material o intelectual, permanente o transitoria, que una persona natural ejecuta conscientemente al servicio de otra, y cualquiera que sea su finalidad, siempre que se efectúe en ejecución de un contrato de trabajo. ","Construir un documento como herramienta de consulta orientada desde la institución a través del departamento Gestión de Humana que permita el conocimiento de las normas del derecho laboral y su aplicación práctica, en donde no solo se impregne una visión legal sino también desde una visión operativa de los procesos y procedimientos que la dinámica contractual involucra, teniendo en cuenta la importancia del derecho laboral y propiciando por las buenas prácticas en su aplicación cotidiana. ",CONVOCATORIA,Convocatoria interna para la financiación de proyectos año 2022,INVESTIGACION,01/02/2022,11/11/2022,EN_EJECUCION,16463665,0,0,0,16463665,MENOR
3622,Implicaciones de la transformación digital en el ámbito laboral y su impacto en las situaciones de acoso laboral o mobbing.,"La pandemia conocida como  COVID-19 ha dado lugar no solamente a la declaración de un estado de emergencia sanitaria a nivel mundial, lo que ha conllevado en Colombia,  con unas implicaciones sociales, económicas, políticas y jurídicas,  a la creación  de normas destinadas a buscar regulaciones frente a  la nueva realidad del trabajo en casa y/o teletrabajo, las cuales  han hecho transición a las relaciones laborales de los trabajadores en nuestro país.","Objetivo general:

Analizar las implicaciones jurídicas de las situaciones de acoso laboral digital en Colombia, donde se hayan utilizado pruebas digitales, durante la emergencia sanitaria producida por la covid-19.


",CONVOCATORIA,Convocatoria interna para la financiación de proyectos año 2022,INVESTIGACION,01/02/2022,11/11/2022,EN_EJECUCION,16883025,0,0,0,16883025,MENOR
3619,Artesano de palabras: narrativas emergentes en torno a la lectura de libros álbum para la promoción de la escritura ,"Este proyecto busca pensar el lugar de la lectura a partir del concepto “trayectoria” (De Certau, 1979). Interesa explorar las narrativas que emergen de la lectura de libros álbum. Esto mediante la creación y realización de talleres literarios, a través de los cuales las preguntas usuales “quién habla, de qué cosas y con qué lengua, de qué clase, de qué sector, de qué individuo” (Sarlo, 2001, p.20) cobren vida y den paso a otros relatos y otras posibilidades de escritura.",Explorar las narrativas que emergen a través de la lectura de libros álbum para la promoción de la escritura mediante talleres y lecturas guiadas.,CONVOCATORIA,Convocatoria interna para la financiación de proyectos año 2022,INVESTIGACION,01/02/2022,11/11/2022,EN_EJECUCION,15965362,0,0,0,15965362,MENOR
3617,OPTIMIZACIÓN DE INSERCIÓN AL MUNDO LABORAL MEDIANTE LA TEORÍA DE REDES,"El presente trabajo pretende implementar la teoría de redes para analizar las oportunidades laborales, de tal forma, que se identifiquen la cantidad de egresados de cada programa que satisfacen de forma óptima la demanda en diferentes ciudades de estudio con relación a la tasa de ocupación de la población en general.   ",Identificar las oportunidades laborales de los egresados de la Universidad Católica Luis Amigó mediante la teoría de redes,CONVOCATORIA,Convocatoria interna para la financiación de proyectos año 2022,INVESTIGACION,01/02/2022,11/11/2022,EN_EJECUCION,16019907,0,0,0,16019907,MENOR
3614,El Derecho a la Educación en el Estado Social de Derecho a partir de la Constitución Política de 1991: Democracia y activismo judicial en el marco del neoconstitucionalismo.,"El neoconstitucionalismo aporta en la comprensión de la naturaleza del derecho a la Educación en relación a las tesis del Estado Social de Derecho y la materialización de una Constitución antropocéntrica. En este sentido, se explicará el desarrollo del derecho a la Educación en el Estado Social de Derecho a partir de la jurisprudencia de la Corte Constitucional en relación a la garantía de los derechos sociales fundamentales en el marco del Neoconstitucionalismo y las tensiones democráticas.",Explicar el desarrollo del derecho a la Educación en el Estado Social de Derecho a partir de la jurisprudencia de la Corte Constitucional en relación a la garantía de los derechos sociales fundamentales en el marco del Neoconstitucionalismo y las tensiones democráticas.,CONVOCATORIA,Convocatoria interna para la financiación de proyectos año 2022,INVESTIGACION,01/02/2022,11/11/2022,EN_EJECUCION,16814070,0,0,0,16814070,MENOR
3613,Variables asociadas a la gestión satisfactoria de las relaciones educativas virtuales con estudiantes universitarios: análisis del caso de la Universidad Católica Luis Amigó.  ,"El presente proyecto de investigación se pretende desarrollar durante el año 2022 y tiene como objetivo describir las principales variables que definen una relación educativa virtual satisfactoria para los estudiantes universitarios de la Universidad Católica Luis Amigó. Metodologicamente, la investigación será cuantitativa de tipo transeccional correlacional en el cual se convocará por el criterio de conveniencia a una muestra de 100 estudiantes, 50 docentes y 25 administrativos",Describir las principales variables que definen una relación educativa virtual satisfactoria para los estudiantes universitarios de la Universidad Católica Luis Amigó. ,CONVOCATORIA,Convocatoria interna para la financiación de proyectos año 2022,INVESTIGACION,01/02/2022,11/11/2022,EN_EJECUCION,16932053,0,0,0,16932053,MENOR
3608,"Juventudes de frontera, prácticas urbanas y subjetividades emergentes en el Oriente Antioqueño
",La explosión demográfica de las grandes ciudades ha dado lugar a procesos de migración hacia zonas rurales en busca de mejorar la calidad de vida o de acceder a bienes como la vivienda que cada vez son más escasos y costosos en los centros urbanos. Esta dinámica ha dado lugar a transformaciones en el territorio y la cultura de los municipios receptores. ¿Qué tipo de subjetividades emergen en dichas fronteras? ¿Cuáles son sus prácticas y qué tipo de transformaciones culturales se producen? ,Analizar los procesos de hibridación cultural derivados de la reconfiguración de las subjetividades de los jóvenes en las zonas de frontera del Oriente antioqueño a través de prácticas urbanas en los Skatepark ,CONVOCATORIA,Convocatoria interna para la financiación de proyectos año 2022,INVESTIGACION,01/02/2022,11/11/2022,EN_EJECUCION,23067929,0,0,0,23067929,MENOR
3607,La muerte de Jesús en el Evangelio de Marcos: entre la fe y la tragedia,Este proyecta busca realizar un estudio del relato de la muerte de Jesús desde categorías literarias de cara a los sufrimientos actuales que agobian a la sociedad durante la pandemia. Se parte de la investigación histórica para mostrar cuáles fueron las circunstancias de la crucifixión. Se analiza la construcción de la trama. Se busca producir conocimiento que permita a las personas identificarse con los sufrimientos de Jesús en un contexto actual de muerte global.  ,"Describir en qué modo el evangelio de Marcos es un acontecimiento hermenéutico que parte de un hecho histórico para convertirse en una constelación de significados cargados de sentido y consolación para las comunidades cristianas, de tal manera que su mensaje se pueda extender a personas del siglo 21 que han tenido pérdidas profundas debido a la situación de la pandemia",CONVOCATORIA,Convocatoria interna para la financiación de proyectos año 2022,INVESTIGACION,01/02/2022,11/11/2022,EN_EJECUCION,14010232,0,0,0,14010232,MENOR
3604,Estudio de la cognición social implícita en jóvenes infractores con rasgos de insensibilidad emocional (Callous Unemotional Traits),"Tradicionalmente, la cognición violenta en jóvenes infractores se ha evaluado con medidas explícitas como cuestionarios de autoinforme sobre actitudes y creencias delictivas (por ejemplo, Escala de Actitudes de Velicer hacia la Violencia; Velicer et al., 1989). Pese a que estos instrumentos tienen validez predictiva (Mills et al., 2003), la necesidad de incorporar medidas implícitas que complementen los cuestionarios tradicionales parece cada vez más evidente.",Explorar las actitudes implícitas hacia la violencia en jóvenes infractores con rasgos de insensibilidad emocional (Callous Unemotional Traits).,CONVOCATORIA,Convocatoria interna para la financiación de proyectos año 2022,INVESTIGACION,01/02/2022,11/11/2022,EN_EJECUCION,16983973,0,0,0,16983973,MENOR
3603,"Alteraciones neuropsicológicas en los consumidores de sustancias psicoactivas,","El consumo de sustancias psicoactivas genera un deterioro cognitivo que impacta en la rehabilitación de la persona que puede ser un factor que dificulte su proceso de recuperación. Es importante reconocer cuáles son las afectaciones que genera el consumo de diversas sustancias, con el fin de enfatizar en su recuperación o entrenamiento en los procesos de rehabilitación desde el área de neuropsicología.","Determinar las alteraciones neuropsicológicas derivadas del consumo de sustancias psicoactivas, según la clasificación de las sustancias. ",CONVOCATORIA,Convocatoria interna para la financiación de proyectos año 2022,INVESTIGACION,01/02/2022,11/11/2022,EN_EJECUCION,16898038,0,0,0,16898038,MENOR
3602,"Desarrollo del pensamiento crítico, la creatividad y las habilidades socioemocionales en una muestra de estudiantes en diferentes niveles de formación: Aportes de intervención educativa desde la Neuropsicopedagogía en Colombia. Fase 1","Esta investigación tiene como objetivo analizar el aporte de la neuropsicopedagogía en el desarrollo de habilidades cognitivas y socioemocionales en estudiantes de diferentes niveles de formación. Para ello, se propone una investigación que se desarrollará en dos fases, bajo un enfoque cuantitativo de tipo descriptivo con un muestreo por conveniencia. ","Analizar el aporte de la intervención educativa desde la Neuropsicopedagogía en el Desarrollo del pensamiento crítico, la creatividad y las habilidades socioemocionales en una muestra de estudiantes en diferentes niveles de formación.",CONVOCATORIA,Convocatoria interna para la financiación de proyectos año 2022,INVESTIGACION,01/02/2022,11/11/2022,EN_EJECUCION,21596570,0,0,7600320,29196890,MENOR
3601,Discursos patriarcales en la escuela. La perpetuación de los estereotipos de género,"Los discursos de los docentes se constituyen en parte fundamental de la formación de percepciones, creencias y representaciones sociales, lo que los compromete moral y éticamente. Estos discursos son parte de la cultura patriarcal que soporta el ordenamiento de nuestras sociedades, por tanto, replican los modos de concebir los géneros, configurando así, estereotipos de género que devienen en violencias basadas en género.",Develar los discursos patriarcales que perpetúan estereotipos de género en las narrativas de docentes de dos instituciones educativas públicas del departamento de Antioquia,CONVOCATORIA,Convocatoria interna para la financiación de proyectos año 2022,INVESTIGACION,01/02/2022,11/11/2022,EN_EJECUCION,15878978,0,0,0,15878978,MENOR
3600,"Apuestas educativas para la ciudadanía, la paz y el cuidado de la vida, en contextos de virtualidad desde la experiencia de la Corporación Región","En la presente sistematización se busca volver la mirada sobre 4 proyectos que se ubican desde propuestas de educación social que abordan temas como ciudadanía y territorio, paz, convivencia, cuidado y Derechos Humanos, y fueron realizados en el contexto de la pandemia por el covid 19 entre los años 2020 y 2021.",Sistematizar cuatro procesos formativos desarrollados por la Corporación Región en el contexto de la pandemia (2020-2021) en los departamentos de Antioquia Córdoba y Chocó.,CONVOCATORIA,Convocatoria interna para la financiación de proyectos año 2022,INVESTIGACION,01/02/2022,11/11/2022,EN_EJECUCION,15010232,0,0,5100000,20110232,MENOR
3598,"SITUACIÓN ACTUAL DE LAS INVESTIGACIONES DE CONTABILIDAD AMBIENTAL TENIENDO EN CUENTA LOS RETOS, OBSTÁCULOS, TENDENCIAS Y AVANCES","este documento busca reflexionar sobre la situación actual de las investigaciones en contabilidad ambiental a través de los diferentes retos, obstáculos, tendencias y avances que se reflejan en la literatura actual; por tanto, la información será recopilada mediante un estudio documental. ","Analizar la situación actual de las investigaciones de contabilidad ambiental teniendo en cuenta los retos, tendencias, avances y obstáculos.",CONVOCATORIA,Convocatoria interna para la financiación de proyectos año 2022,INVESTIGACION,01/02/2022,11/11/2022,EN_EJECUCION,16709294,0,0,0,16709294,MENOR
3596,Experiencias de mujeres víctimas denunciantes de violencia intrafamiliar ante el sistema jurídico colombiano,"La violencia  de género  hacia las mujeres víctimas de maltrato y daños en relaciones de pareja, y que se atreven a denunciar a su agresor, es un fenómeno psicosocial complejo que se halla enmascarado en el entramado relacional en el que estas mujeres establecen intercambios no solo con sus agresores, sino también con el Estado, por lo tanto se constituye  en un problema social, político y de salud pública, que  responde a múltiples causas.",Develar las las experiencias de denuncia de las mujeres víctimas de violencia intrafamiliar en la utilización del sistema jurídico colombiano,CONVOCATORIA,Convocatoria interna para la financiación de proyectos año 2022,INVESTIGACION,01/02/2022,11/11/2022,EN_EJECUCION,16685907,0,0,0,16685907,MENOR
3593,Balance de la implementación del punto 4 del Acuerdo de Paz de Colombia: Solución al Problema de las Drogas Ilícitas. 2016-2021,"El proyecto tiene como propósito realizar un balance de las estrategias de sustitución de cultivos ilícitos en las comunidades que derivan su subsistencia de esos cultivos, para ello se pretende  establecer el avance de dichas estrategias, identificar su avance  y contrastar el desarrollo de las estrategias desarrolladas en la sustitución de cultivos desde un enfoque de derechos humanos y género. La investigación es de corte cualitativo","Realizar un balance entre 2016 y el 2021, de las estrategias de sustitución de cultivos contenidas en el punto 4 del acuerdo de paz",CONVOCATORIA,Convocatoria interna para la financiación de proyectos año 2022,INVESTIGACION,01/02/2022,11/11/2022,EN_EJECUCION,9355521,0,0,0,9355521,MENOR
3592,Narrativas de profesionales psicosociales sobre la atención a la población migrante venezolana sin estatus legal en Antioquia,"Los profesionales psicosociales de los programas y proyectos sociales de atención  a la población migrante venezolana, sin  estatus legal de permanencia en el departamento de Antioquia, presentan malestares emocionales relacionados con el desgaste personal y profesional  ante la cantidad de obligaciones laborales, mandatos institucionales, que no posibilitan un cumplimiento pleno de la misión y objeto del programa. Esta investigación se orienta hacia el Objetivo de Desarrollo Sostenible # 3",Comprender las experiencias subjetivas de desgaste emocional y malestar en profesionales psicosociales vinculados a Programas y proyectos sociales de atención a la población migrante venezolana sin estatus legal de permanencia en el departamento de Antioquia,CONVOCATORIA,Convocatoria interna para la financiación de proyectos año 2022,INVESTIGACION,01/02/2022,11/11/2022,EN_EJECUCION,16685907,0,0,0,16685907,MENOR
3589,"Implementación de la reparación integral a víctimas de violencia sexual en el marco del Acuerdo de Paz, 2021","El propósito de esta investigación es evaluar los avances en la implementación de la reparación integral a víctimas de violencia sexual en el marco del Acuerdo de Paz, con la finalidad de apoyar el desarrollo de la linea de derecho público de los programas de pregrado y posgrado de la Facultad de Derecho y Ciencias Políticas ","Evaluar los avances en la implementación de la reparación integral a víctimas de violencia sexual en el marco del Acuerdo de Paz, 2021.",CONVOCATORIA,Convocatoria interna para la financiación de proyectos año 2022,INVESTIGACION,01/02/2022,11/11/2022,EN_EJECUCION,16966148,0,0,0,16966148,MENOR
3587,LOGISTICA 4.O: ANALISIS Y REVISION BIBLIOMETRICA ,"la logística es un componente determinante para logro de los objetivos de mercado en los negocios internacionales, por lo tanto en las últimas tres décadas con el avance de la tecnología y la optimización de procesos, se viene desarrollando lo conocido como Logística 4.0. El objetivo de la investigación es realizar un análisis y revisión de las publicaciones, que permita conocer los principales planteamientos, conceptos, autores y países que han desarrollado aportes en este tópico.","Analizar los principales planteamientos y publicaciones sobre la logística 4.0, que permitan conocer las perspectivas de este campo.",CONVOCATORIA,Convocatoria interna para la financiación de proyectos año 2022,INVESTIGACION,01/02/2022,11/11/2022,EN_EJECUCION,11209380,0,0,0,11209380,MENOR
3582,Duelo y ritos funerarios en Antígona de Sófocles,Los últimos años de Pandemia han volcado a la humanidad a duelos y ritos funerarios. Esto nos lleva a preguntarnos por el significado de la muerte y de las prácticas culturales de las despedidas. La tragedia Antígona presenta la discusión acerca del deber por despedirse adecuadamente de los muertos. Esta reflexión tiene implicaciones de acompañamiento espiritual y psicológico relevantes para nuestro tiempo.,"Describir en qué sentido la tragedia de Antígona logra, por medio de la compasión y el temor, una clarificación o iluminación relacionadas con las experiencias de los sufrimientos humanos. Esto se lleva a cabo a través de un análisis literario filosófico de la obra para llegar a conclusiones de cuidado personal en tiempos de sufrimiento. ",CONVOCATORIA,Convocatoria interna para la financiación de proyectos año 2022,INVESTIGACION,01/02/2022,11/11/2022,EN_EJECUCION,14010232,0,0,0,14010232,MENOR
3581,Impacto del Covid 19 en el emprendimiento sostenible de PYMES y sus efectos en el desarrollo sostenible una mirada Latinoamericana.,"En la actualidad los países a nivel global se ha visto muy afectado por la aparición de la pandemia, situación de gran preocupación en cuanto a salud pública y economía, que afecta directamente el desarrollo sostenible, y el crecimiento económico latinoamericano,  ante este panorama los emprendimientos en Latinoamérica se han visto muy afectado y en muchos casos han cerrado de manera total sus negocios declarándose en quiebra. ","Diagnosticar el impacto del Covid 19 en el emprendimiento sostenible de PYMES y sus efectos en el desarrollo sostenible una mirada Latinoamericana.
Identificar los factores del emprendimiento sostenible de PYME afectados por el COVID-19 y sus efectos en el desarrollo sostenible en latinoamérica. 
Describir las políticas públicas impulsadas por los gobiernos locales con relación al apoyo del emprendimiento sostenible en la PYMES ",CONVOCATORIA,Convocatoria interna para la financiación de proyectos año 2022,INVESTIGACION,01/02/2022,11/11/2022,EN_EJECUCION,15882048,0,0,0,15882048,MENOR
3579,Enfoques y concepciones de salud mental en la intervención psicosocial comunitaria en Colombia y Latinoamérica. ,"Este estudio busca comprenderlos enfoques y concepciones sobre Salud mental  en la intervención psicosocial . Se inscribe en una investigación de tipo documental - revisión narrativa. Con los resultados se espera aportar al conocimiento sobre Salud mental en organizaciones comunitarias, haciendo visible su impacto y planteando nuevas formas de intervención.",Comprender los enfoques y concepciones sobre Salud mental  en la intervención psicosocial ,CONVOCATORIA,Convocatoria interna para la financiación de proyectos año 2022,INVESTIGACION,01/02/2022,11/11/2022,EN_EJECUCION,15360211,0,0,0,15360211,MENOR
3569,Dinámicas socioespaciales en la ruralidad a partir de la migración por amenidades. Estudio de caso,"Este estudio busca analizar las dinámicas socioespaciales emergentes tras la migración por amenidades en cuatro localidades de la región del oriente de Antioquia: La Ceja, Concepción, Argelia y Cocorná. La metodología que se pretende implementar es de enfoque cualitativo mediante el estudio de caso.","Analizar las dinámicas socioespaciales en la ruralidad, a partir de la migración por amenidad, en cuatro localidades de la región del oriente de Antioquia: La Ceja, Concepción, Argelia y Cocorná, durante los años 2000 al 2021.",CONVOCATORIA,Convocatoria interna para la financiación de proyectos año 2022,INVESTIGACION,01/02/2022,11/11/2022,EN_EJECUCION,16993239,0,0,0,16993239,MENOR
3568,Impacto de la terapia asistida con perros en la salud mental de las personas que asisten a consulta psicológica por síntomas de ansiedad y depresión (FASE 1),"Determinar el impacto de las intervenciones asistidas con perros en la salud mental de personas que reciben tratamiento psicológico por síntomas de ansiedad y depresión. Se implementará una metodología mixta a partir de una línea base en ansiedad y depresión de la cuál se diseñará e implementarán estrategias asistidas con perros que se articulen al proceso psicoterapéutico, con el propósito de evaluar el impacto positivo en la atención a estos cuadros clínicos.",Determinar el impacto de las intervenciones asistidas con perros en la salud mental de las personas que reciben tratamiento psicológico por síntomas de ansiedad y depresión en los consultorios psicológicos de la Universidad Católica Luis Amigó sede Manizales.,CONVOCATORIA,Convocatoria interna para la financiación de proyectos año 2022,INVESTIGACION,01/02/2022,11/11/2022,EN_EJECUCION,16814070,0,0,0,16814070,MENOR
3567,"Adopción tecnológica en el sector empresarial
","La adopción tecnológica es uno de los factores que limita o potencia la transformación de una sociedad y su economía. Este fenómeno se traslada también a las empresas. Por esta razón, este proyecto busca analizar cómo las empresas asimilan la tecnología y cómo la emplean para el desarrollo de ventajas competitivas.",Establecer cómo la adopción tecnológica afecta el desempeño de las empresas y la relación con sus clientes.,CONVOCATORIA,Convocatoria interna para la financiación de proyectos año 2022,INVESTIGACION,01/02/2022,11/11/2022,EN_EJECUCION,16473340,0,0,0,16473340,MENOR
3561,Aplicaciones potenciales del mindfulness en la pre-conciliación online,"Se ha estudiado el papel del manejo de las emociones en el uso eficaz de plataformas para la conciliación online sin mediadores (Bellucci et al., 2019); pero aún no se ha explorado cómo el mindfulness podría aplicarse en recursos online que ayuden a las partes en conflicto a manejar sus emociones desde antes de iniciar un proceso conciliatorio presencial.   ",Establecer aplicaciones potenciales del mindfulness en la pre-conciliación online,CONVOCATORIA,Convocatoria interna para la financiación de proyectos año 2022,INVESTIGACION,01/02/2022,11/11/2022,EN_EJECUCION,15423912,0,0,0,15423912,MENOR
3559,Salud mental y proceso de transición hacia el retiro deportivo: análisis de deportistas Antioqueños participantes en juegos olímpicos y juegos paralímpicos.,"Los procesos de transición hacia el retiro deportivo es un tema poco abordado en investigación e intervención. Objetivo: establecer la manera como se asume el proceso de transición hacia el retiro deportivo y la salud mental de los atletas que han participado en juegos olímpicos. Método: investigación mixta en la que  se integrarán los paradigmas cuantitativos y cualitativos para desarrollar una identificación, descripción y comparación entre atletas de juegos olímpicos y paralímpicos.",Establecer la manera como se asume el proceso de transición hacia el retiro deportivo y la salud mental de los atletas que han participado en el máximo evento del ciclo olímpico.,CONVOCATORIA,Convocatoria interna para la financiación de proyectos año 2022,INVESTIGACION,01/02/2022,11/11/2022,EN_EJECUCION,16819759,0,0,0,16819759,MENOR
3557,Transformaciones de la enseñanza docente a partir de lo público y lo privado y su influencia en el proceso de aprendizaje de estudiantes universitarios en tiempos de pandemia,"Este proyecto analiza las transformaciones de la enseñanza docente a partir de lo público y lo privado y su influencia en el proceso de aprendizaje de estudiantes universitarios en tiempos de pandemia. La propuesta se hace a partir de un paradigma hermenéutico, desde un enfoque cualitativo. El interés fundamental se basa en comprender los estilos de enseñanza y aprendizaje contemporáneos. ",Analizar las transformaciones de la enseñanza docente a partir de lo público y lo privado y su influencia en el proceso de aprendizaje de estudiantes universitarios en tiempos de pandemia.,CONVOCATORIA,Convocatoria interna para la financiación de proyectos año 2022,INVESTIGACION,01/02/2022,11/11/2022,EN_EJECUCION,16972438,0,0,0,16972438,MENOR
3556,Caracterización de áreas del conocimiento por medio de la aplicación de algoritmos cienciométricos. ,"La información científica ha crecido de una manera exponencial en los últimos años haciendo la tarea de búsqueda de este tipo de información más laboriosa para los investigadores. Es por esto que se propone desarrollar algoritmos que faciliten esta labor por medio de una revisión de literatura y posterior aplicación. Se estudiarán las propuestas recientes sobre co-citaciones (autores y documentos), co-ocurrencias y co-palabras para determinar las técnicas más actuales en estos procesos. ",Desarrollar algoritmos que faciliten el mapeo de la producción científica de un área del conocimiento. ,CONVOCATORIA,Convocatoria interna para la financiación de proyectos año 2022,INVESTIGACION,01/02/2022,11/11/2022,EN_EJECUCION,16542952,0,0,0,16542952,MENOR
3555,Geográfias de la Espera... Identidades en Transito: Una Mirada Sobre la Experiencia de los Migrantes Venezolanos en el Eje Cafetero,"Las migraciones que se extienden desde el país de Venezuela hacia colombia y de manera particular hacia el Eje Cafetero, ha fragmentado la vida cotidiana, las familias, la subjetividad y todo aquello que estructura la realidad social. Centrar la mirada en la forma en que sujetos y comunidades especificas reinventan su vida en otro lugar, es el objetivo transversal de esta propuesta de investigación, la cual se construye desde las sociologías de las migraciones y las historias de vida. ","El objetivo transversal de esta propuesta de investigación, esta relacionado con la posibilidad de centrar la mirada en la forma en que la experiencia de la migración fragmenta la identidad, la subjetividad y la vida cotidiana de los migrantes venezolanos que se encuentran en la región del eje cafetero, colombia, así como en la forma en que los migrantes buscan reinventar su vida en un mundo todo es provisional y contingente.",CONVOCATORIA,Convocatoria interna para la financiación de proyectos año 2022,INVESTIGACION,01/02/2022,11/11/2022,EN_EJECUCION,16542952,0,0,0,16542952,MENOR
3554,Negocios y comercio internacional: Prospectiva de los sectores productivos,"Las organizaciones en Colombia se encuentran en un proceso latente de incursión en mercados foráneos, los diferentes procesos de internacionalización se presentan como retos para las diferentes iniciativas locales. El estudio que se va a realizar pretende abordar las etapas y procesos que se deben desarrollar y alcanzar para lograr conquistar un mercado internacional, teniendo en cuenta la gestión organizacional como eje transversalizador de cada una de las gestiones realizadas",Determinar los modelos prospectivos utilizados por los sectores productivos para la apertura de mercados foráneos,CONVOCATORIA,Convocatoria interna para la financiación de proyectos año 2022,INVESTIGACION,01/02/2022,11/11/2022,EN_EJECUCION,15063239,0,0,0,15063239,MENOR
3553,"Compromiso del cliente y cocreación de valor en el mercado online
","El papel que desarrolla el consumidor en el mercado moderno ha evolucionado, ahora es mucho más activo y protagónico, al pasar de ser un simple comprador, a un co creador de sus productos y servicios. Es por eso, que este proyecto pretende analizar el rol del consumidor a través de su compromiso y participación en los procesos de cocreación de valor en un mercado tan relevante en la actualidad como lo es el online.",Establecer cómo el compromiso del cliente y la cocreación de valor afectan el desempeño de las empresas dentro de un mercado online.,CONVOCATORIA,Convocatoria interna para la financiación de proyectos año 2022,INVESTIGACION,01/02/2022,11/11/2022,EN_EJECUCION,16814070,0,0,0,16814070,MENOR
3550,Análisis cienciométrico de la producción científica de la Universidad Católica Luis Amigó,El propósito de este artículo es caracterizar la producción científica de la Universidad Católica Luis Amigó para entender su evolución y desempeño. Los datos se obtendrán a partir de las páginas de los grupos de investigación y la información disponible en la web como el google scholar de los investigadores. Los resultados obtenidos mostrarán la importancia de las ciencias sociales en la producción científica de la Universidad. ,El propósito de este proyecto es caracterizar la producción científica de la Universidad Católica Luis Amigó para entender su evolución y desempeño.,CONVOCATORIA,Convocatoria interna para la financiación de proyectos año 2022,INVESTIGACION,01/02/2022,11/11/2022,EN_EJECUCION,37293360,0,0,0,37293360,MENOR
3546,"Adaptación de un instrumento de tamizaje neuropsicológico digital para niños de 6 a 7 años a partir del análisis psicométrico de los resultados de un pilotaje de aplicación. Fase 2
",Los tamizajes se  caracterizan por ser de corta duración permiten una mirada general. Para el caso de instrumentos de tamizaje neuropsicológico en niños de 6 a 7 años se ha hecho un avance en la adaptación informatizada y el diseño del protocolo. fase 1. El objetivo de la presente investigación es la adaptación de un instrumento de tamizaje neuropsicológico digital para niños de 6 a 7 años a partir del análisis psicométrico de los resultados de un pilotaje de aplicación. Fase 2,"Realizar la adaptación de un instrumento de tamizaje neuropsicológico digital para niños de 6 a 7 años a partir del análisis psicométrico de los resultados de un pilotaje de aplicación. Fase 2

",CONVOCATORIA,Convocatoria interna para la financiación de proyectos año 2022,INVESTIGACION,01/02/2022,11/11/2022,EN_EJECUCION,16019907,0,0,0,16019907,MENOR
3545,Emprendimiento desde la Gestión de Nuevas Tecnologías en Cooperativas en Colombia,"Las cooperativas apuntan a ayudar a los asociados en la calidad de vida. Es decir, configura una oportunidad para lograr integrar mejor el asociado con la cooperativa basado en la gestión de nuevas tecnologías. En otras palabras, configura la necesidad de conocer a los asociados para impulsar la disminución salarial por razón de género, incorporar el empleo de jóvenes e incorporar estrategias para formalizar la economía informal (Foncea &amp; Servós, 2010).",Identificar los factores de la gestión en el emprendimiento de nuevas tecnologías en cooperativas en Colombia durante los últimos seis años (2015-2021),CONVOCATORIA,Convocatoria interna para la financiación de proyectos año 2022,INVESTIGACION,01/02/2022,11/11/2022,EN_EJECUCION,16985486,0,0,0,16985486,MENOR
3544,"Las personas transgénero y transexuales en el genograma familiar, nuevas representaciones gráficas 

","Esta investigación busca por medio de un ejercicio de IAP, construir con un grupo de familias de jóvenes transgénero y transexuales de la ciudad de Manizales, estructuras graficas que los representen dentro del genograma familiar, propiciando de esta manera un proceso de inclusión y lectura histórica de las personas trans en la familia","Diseñar estructuras graficas con las cuales pueden ser representadas las personas transgénero y transexuales que hacen parte de la corporación el Faro, en el genograma familia ",CONVOCATORIA,Convocatoria interna para la financiación de proyectos año 2022,INVESTIGACION,01/02/2022,11/11/2022,EN_EJECUCION,16566053,0,0,0,16566053,MENOR
3540,Generación de ayudas automáticas en cursos de programación a partir de soluciones correctas,"La programación de computadores es una de las habilidades más demandadas en el mercado laboral y es un componente esencial del plan de estudios en cualquier programa universitario de ingeniería. Muchos estudiantes tienen dificultades cuando intentan resolver ejercicios de programación, una forma de ayudar a los programadores principiantes a superar las dificultades para aprender a programar es utilizar ayudas personalizadas en el proceso de solución de los ejercicios.",El objetivo de este trabajo es presentar un análisis bibliométrico sobre los algoritmos existentes para generar automáticamente ayudas a partir de soluciones correctas. ,CONVOCATORIA,Convocatoria interna para la financiación de proyectos año 2022,INVESTIGACION,01/02/2022,11/11/2022,EN_EJECUCION,15878978,0,0,0,15878978,MENOR
3539,Relación entre familiaridad y percepción de contagio en el contexto de la Covid-19,Diversas investigaciones sugieren que lo familiar facilita (implícita y explícitamente) valoraciones positivas e ilusión de seguridad: “lo familiar es confiable”. Esta ilusión es peligrosa porque podría facilitar que se subestime el riesgo de infección y se tomen menos precauciones en entornos que consideramos familiares (implícitamente seguros y saludables). La presente investigación examina el heurístico “lo familiar es confiable” en el contexto de la pandemia Covid-19. ,Estudiar la potencial influencia de la familiaridad en la percepción de contagio en el contexto de la Covid-19.,CONVOCATORIA,Convocatoria interna para la financiación de proyectos año 2022,INVESTIGACION,01/02/2022,11/11/2022,EN_EJECUCION,37811976,0,0,18000000,55811976,MENOR
3538,Implementación de las redes eléctricas inteligentes en Colombia: un análisis multidimensional,"La mayor parte de la energía eléctrica que se consume en Colombia proviene de fuentes hídricas, sin embargo, el país se debe preparar para una transición energética a través de la implementación de redes eléctricas inteligentes (REI), las cuales traerán beneficios a los consumidores y al modelo de producción energética. Factores económicos, fisiológicos y socioculturales se deben analizar para poder lograr una implementación efectiva de REI en el país.","El objetivo de esta investigación es realizar un análisis exhaustivo de las implicaciones, retos y desafíos que se deben considerar para implementar el uso de redes eléctricas inteligentes (REI) en Colombia y realizar un análisis basado en prospectiva estratégica considerando diferentes escenarios.",CONVOCATORIA,Convocatoria interna para la financiación de proyectos año 2022,INVESTIGACION,01/02/2022,11/11/2022,EN_EJECUCION,15878978,0,0,0,15878978,MENOR
3536,Machine Learning aplicado a la predección del desempeño estudiantil en cursos universitarios,"En el sistema educativo actual la predicción del rendimiento académico estudiantil es de gran utilidad, ya que permite a los docentes identificar a los estudiantes que pueden tener un bajo rendimiento, hacer un seguimiento cuidadoso del proceso de aprendizaje y personalizar las estrategias de enseñanza, evitando la mortalidad y la deserción estudiantil.",Desarrollar una metodología que permita predecir el rendimiento académico estudiantil haciendo uso del Machine Learning,CONVOCATORIA,Convocatoria interna para la financiación de proyectos año 2022,INVESTIGACION,01/02/2022,11/11/2022,EN_EJECUCION,15878978,0,0,0,15878978,MENOR
3535,Reflexividad en los trayectos de vida Familiar,"La investigación se enfoca en el análisis de procesos reflexivos en los trayectos de vida de familias con hijos adultos jóvenes, residentes en la Ciudad de Medellín. Pretende describir las características de dichos procesos e identificar elementos intrínsecos y extrínsecos implicados. Considerando que, mas allá de un constructo teórico, la reflexividad en un recurso relacional que debe ser identificado y potenciado en las intervenciones con familias. ",Analizar la construcción de prácticas reflexivas en los trayectos de vida de familias con hijos adultos entre los 18 y 28 años de edad residentes en la Ciudad de Medellín,CONVOCATORIA,Convocatoria interna para la financiación de proyectos año 2022,INVESTIGACION,01/02/2022,11/11/2022,EN_EJECUCION,16964941,0,0,0,16964941,MENOR
3533,Estudio de las bases cognitivas de la aversión a la androginia ,"La presente investigación examina los posibles efectos de la disonancia cognitiva en la formación de actitudes homofóbicas hacia personas con aspecto andrógino. Con este fin, se discute la siguiente hipótesis: la ambigüedad de género percibida en personas con aspecto andrógino generará discrepancias categoriales, facilitando el ""Uncanny Feeling"" y las correspondientes inferencias de moralidad diferente y rechazo social. ",Contrastar la función de la incertidumbre categorial en la respuesta emocional negativa hacia aquellos individuos que presentan características de género ambiguas (androginia).,CONVOCATORIA,Convocatoria interna para la financiación de proyectos año 2022,INVESTIGACION,01/02/2022,11/11/2022,EN_EJECUCION,37811976,0,0,18000000,55811976,MENOR
3527,Caracterización bromatológica de líneas promisorias de frijol cultivadas en Colombia,"Las tendencias alimentarias se orientan hacia el rescate de materias primas autóctonas, destacando sus ventajas nutricionales y gastronómicas. Los frijoles guandul y mungo, cultivados en Colombia, son leguminosas con un alto contenido de proteína y una gran funcionalidad tecnológica. En este proyecto, se caracterizarán bromatológicamente estos productos colombianos, a través de una valoración de macro nutrientes, perfil de ácidos grasos y poder antioxidante.   ","Caracterizar, desde una perspectiva bromatológica, los fríjoles guandul (Cajanus cajan) y mungo (Vigna radiata), analizando sus potencialidades nutricionales, tecnológicas y gastronómicas.  ",CONVOCATORIA,Convocatoria interna para la financiación de proyectos año 2022,INVESTIGACION,01/02/2022,11/11/2022,EN_EJECUCION,7603678,0,0,8924760,16528438,MENOR
3526,Conflicto armado y construcción de paz en el Bajo Cauca Antioqueño,"El proyecto de investigación se plantea como un estado del arte de la investigación realizada en ciencias sociales sobre el conflicto armado y la construcción de paz en el Bajo Cauca Antioqueño. Se direcciona al ODM, 16: Paz, justicia e instituciones sólidas","Comprender las representaciones del conflicto armado y la construcción de paz en el Bajo Cauca Antioqueño, a partir de la producción académica 2010-2020",CONVOCATORIA,Convocatoria interna para la financiación de proyectos año 2022,INVESTIGACION,01/02/2022,11/11/2022,EN_EJECUCION,14917098,0,0,0,14917098,MENOR
3514,Dinámica de las familias en contextos de riesgo social: afrontamientos y desafíos en la contemporaneidad.,El interés de esta propuesta está centrada en las dinámicas de las familias en contextos de riesgo social. Para su comprensión se tendrán presentes las estrategias de  afrontamiento y desafíos que vivencian las familias de Medellín en la contemporaneidad de acuerdo a sus contextos histórico sociales. Su desarrollo y resultados generan aportes a nivel académico por la posibilidad de entender las dinámicas familiares asociadas al riesgo social.,Comprender las estrategias de afrontamiento y desafíos que viven las familias en riesgo social en coherencia con sus dinámicas.,CONVOCATORIA,Convocatoria interna para la financiación de proyectos año 2022,INVESTIGACION,01/02/2022,11/11/2022,EN_EJECUCION,16980027,0,0,0,16980027,MENOR
3513,"Análisis de la Prevalencia de la Ludopatía, los Videojuegos y la Adicción al trabajo en Profesores Universitarios.","Los profesores en su desarrollo laboral, social y familiar se ven enfrentados a situaciones que los llevan a resultados en la calidad de la educación. Se hace necesario determinar cuáles son las realidades y los riesgos que están afrontando para acompañarlos con programas no solo técnicos de su área sino en lo personal. Uno de estos riesgos son las adicciones comportamentales, como los juegos, los videojuegos y de otro lado la adicción al trabajo que se hace necesario reconocer su afectación.","Analizar la prevalencia de las adicciones en Ludopatía, Videojuegos y en el Trabajo en profesores de las ciudades de Bogotá y Manizales.",CONVOCATORIA,Convocatoria interna para la financiación de proyectos año 2022,INVESTIGACION,01/02/2022,11/11/2022,EN_EJECUCION,16757610,0,0,0,16757610,MENOR
3509,Validación Colombiana del Inventory of Callous Unemotional,El inventario de Callous Unemotional (ICU) fue desarrollado con el objetivo de medir rasgos de psicopatía en niños y adolescentes estadounidenses; los sujetos que puntúan alto son más proclives al desarrollo de conductas antisociales más graves y a desarrollar trastorno antisocial de la personalidad y psicopatía. El ICU es un cuestionario compuesto por 24 ítems y 3 dimensiones.,Validar el constructo de Callous Unemotional y describir las características psicométricas el Callous Unemotional Inventory en una muestra de niños y adolescentes colombianos,CONVOCATORIA,Convocatoria interna para la financiación de proyectos año 2022,INVESTIGACION,01/02/2022,11/11/2022,EN_EJECUCION,15683351,0,0,0,15683351,MENOR
3502,La Ley Colombiana frente a los Delitos Informáticos y su Suficiencia en la Pandemia,"Los delitos informáticos en Colombia están tipificados por la Ley 1273 de 2009, en la que se definen los delitos y las sanciones a quien cometa estas actividades, en los últimos años ha aumentado exponencialmente esta práctica y la cantidad de dinero implicada lo han convertido en un delito muy rentable. Desde el mes de marzo del año 2020, la sociedad ha vivido una nueva realidad de aislamiento social lo cual a su vez ha llevado a un nuevo aumento inusitado en esta clase de delitos.",Determinar el estado de los ciberdelitos que se afrontan desde el año 2020 por la modalidad de aislamiento social provocada por la pandemia para identificar la suficiencia de la cobertura de la legislación colombiana al respecto.,CONVOCATORIA,Convocatoria interna para la financiación de proyectos año 2022,INVESTIGACION,01/02/2022,11/11/2022,EN_EJECUCION,16764941,0,0,0,16764941,MENOR
3501,"Relación entre employee engagement, y competencias.","Se pretende establecer la relación existente entre el employee engagement , la competencia laboral y la personalidad. 
Al establecer la relación entre variables organizacionales y psicológicas se contribuirá a la mejor selección del talento humano y al bienestar del mismo.",Establecer la relación existente entre variables organizacionales como el employee engagement ,CONVOCATORIA,Convocatoria interna para la financiación de proyectos año 2022,INVESTIGACION,01/02/2022,11/11/2022,EN_EJECUCION,54439560,0,0,25814880,80254440,MENOR
3500,Literacidad Intercultural en el aprendizaje y enseñanza del inglés como lengua extranjera: un estudio netnográfico con estudiantes de Colombia y Brasil.,"La literacidad intercultural es una competencia fundamental en los procesos de aprendizaje y enseñanza de la lengua extranjera. Esta competencia  le permita a estudiantes y profesores utilizar el idioma  como una herramienta para leer y escribir el mundo desde una perspectiva local y global. Esta propuesta investigativa, desarrollada con estudiantes colombianos y brasileros, analiza el papel de la literacidad intercultural en el aprendizaje y enseñanza del inglés como lengua extranjera.",Analizar el papel de la literacidad intercultural en la enseñanza y aprendizaje del inglés como lengua extranjera para la formación de estudiantes críticos en la construcción de ciudadanía global,CONVOCATORIA,Convocatoria interna para la financiación de proyectos año 2022,INVESTIGACION,01/02/2022,11/11/2022,EN_EJECUCION,16360637,0,0,0,16360637,MENOR
3498,"Aplicación móvil para la intervención emocional de niños y jóvenes, adaptada a las nuevas cotidianidades. ","Las actuales medidas de aislamiento producto de la mitigación de la pandemia, generan en jóvenes y niños impactos emocionales traducidos en alteraciones de su conducta y de sus emociones. Esta propuesta propone el desarrollo de un APP, que desde los argumentos teóricos que sustentan la psicología cognitivo-afectiva, pueda constituirse en una herramienta sólida.","Desarrollar una plataforma tecnológica como aplicación móvil, que permita la publicación de objetos de aprendizaje para la intervención emocional de niños y jóvenes, adaptada a las nuevas cotidianidades.Permitiendo en este último caso una sensibilización de la población, que fortalezca la vida emocional minimizando los problemas de salud mental, producto de las medidas de contención de la enfermedad.",CONVOCATORIA,Convocatoria interna para la financiación de proyectos año 2022,INVESTIGACION,01/02/2022,11/11/2022,EN_EJECUCION,54450154,0,0,43010784,97460938,MENOR
3492,Análisis multivariado del funcionamiento ejecutivo en estudiantes universitarios con ansiedad y depresión,"Con la presente investigación se pretende determinar el funcionamiento ejecutivo en un grupo heterogéneo de estudiantes universitarios, ante la presencia de ansiedad y depresión. No hay antecedentes en este campo y brindaría información novedosa relevante para la salud mental y calidad de vida de la población estudiantil","Determinar la relación entre ansiedad, depresión y funcionamiento ejecutivo en una muestra de estudiantes universitarios",CONVOCATORIA,Convocatoria interna para la financiación de proyectos año 2022,INVESTIGACION,01/02/2022,11/11/2022,EN_EJECUCION,16019907,0,0,0,16019907,MENOR
3489,Diseño de materiales funcionalmente graduados para aplicaciones en ciencias de materiales,"Los materiales funcionalmente graduados (FGM) han surgido como alternativa para la optimización de las propiedades físicas, químicas y mecánicas en aplicaciones específicas en la ingeniería. En este proyecto se propone el diseño de un material funcionalmente graduado nanoreforzado.","Diseñar materiales funcionalmente graduados para aplicaciones en ciencias de materiales, y estructuras para la fabricación de sensores",CONVOCATORIA,Convocatoria interna para la financiación de proyectos año 2022,INVESTIGACION,01/02/2022,11/11/2022,EN_EJECUCION,16542952,0,0,0,16542952,MENOR
3487,Efectos directos del acoso y ciber acoso escolar y el papel mediador de los síntomas depresivos en la predicción de comportamientos suicidas en adolescentes escolares. ,"Son escasos los estudios que exploran el efecto mediador de la depresión en la asociación entre el acoso y ciberacoso escolar y el suicidio. Este estudio analizará los efectos directos del acoso y ciber acoso y el papel mediador de la depresión en la predicción de comportamientos suicidas. La metodología será cuantitativa, no experimental, transversal. Los participantes serán adolescentes de grados sexto a once. Los hallazgos serán útiles para desarrollar estrategias de prevención e intervención",Analizar los efectos directos del acoso y ciber acoso escolar y el papel mediador de los síntomas depresivos en la predicción de comportamientos suicidas en adolescentes escolares. ,CONVOCATORIA,Convocatoria interna para la financiación de proyectos año 2022,INVESTIGACION,01/02/2022,11/11/2022,EN_EJECUCION,16999041,0,0,0,16999041,MENOR
3486,El efecto de la depresión y la desesperanza y el papel mediador de la impulsividad rasgo en la predicción del comportamiento suicida y las autolesiones no suicidas(ANS) en jóvenes. ,"El suicidio es un fenómeno multicausal y una problemática de salud mental. Este estudio busca analizar el efecto de la depresión y desesperanza y el papel mediador de la impulsividad en la predicción del comportamiento suicida y las autolesiones no suicidas. Se utilizará una metodología empírica, observacional,  no experimental y transversal. La muestra estará compuesta por jóvenes entre los 18 y 30 años. Se utilizarán medidas de evaluación: BIS-11, BDI, BHS y RS/ISO-30. ",Analizar el efecto directo de la depresión y la desesperanza y el papel mediador de la impulsividad rasgo en la predicción del comportamiento suicida y las autolesiones no suicidas(ANS) en jóvenes. ,CONVOCATORIA,Convocatoria interna para la financiación de proyectos año 2022,INVESTIGACION,01/02/2022,11/11/2022,EN_EJECUCION,39962616,0,0,13939248,53901864,MENOR
3485,Caracterización de la Cultura del Emprendimiento en las Instituciones de Educación Superior de la Subregión de Urabá.,"El proyecto de investigación tiene como objetivo caracterizar el estado de la cultura del emprendimiento en las Instituciones de Educación Superior de la Subregión de Urabá a partir del análisis de las funciones sustantivas docencia, investigación y extensión. Se inscribe dentro de método de investigación cuantitativa de tipo exploratorio, donde se espera identificar las estrategias que desde las funciones sustantivas se implementan para el fomento de la cultura de emprendimiento en la región.",Caracterizar los atributos generales de la cultura del emprendimiento en las Instituciones de Educación Superior en la subregión de Urabá.,CONVOCATORIA,Convocatoria interna para la financiación de proyectos año 2022,INVESTIGACION,01/02/2022,11/11/2022,EN_EJECUCION,16632459,0,0,0,16632459,MENOR
3480,Programa de entrenamiento computarizado de  la memoria de trabajo en pacientes con diagnóstico del Trastorno por Déficit de Atención / Hiperactividad ,"El objetivo de la investigación es desarrollar un programa de entrenamiento computarizado para la estimulación neuropsicológica de la memoria de trabajo de niños entre 6 y 12 con diagnóstico del trastorno de déficit de atención/hiperactividad, que se encuentran en proceso de intervención en Neuropser de la Ciudad de Medellín, Colombia. 

",Desarrollar un software para estimular  la memoria de trabajo en personas con diagnóstico del Trastorno por Déficit de Atención / Hiperactividad,CONVOCATORIA,Convocatoria interna para la financiación de proyectos año 2022,INVESTIGACION,01/02/2022,11/11/2022,EN_EJECUCION,39958658,0,0,19000100,58958758,MENOR
3472,Prácticas de Escritura Colectiva en la Formación de Maestros Investigadores: Fase 1. ,Los actuales sistemas de medición del conocimiento señalan una tendencia creciente hacia la publicación científica en coautoría. Este fenómeno pone de relieve la importancia de formar a los maestros para la escritura académica en colaboración. Con esta investigación documental se pretende develar las tendencias y vacíos respecto a las prácticas de escritura colectiva orientadas a la formación y al desarrollo profesional docente.,"Dilucidar las tendencias y vacíos epistemológicos, conceptuales y metodológicos con respecto a las prácticas de escritura colectiva en educación superior orientadas a la formación de maestros investigadores",CONVOCATORIA,Convocatoria interna para la financiación de proyectos año 2022,INVESTIGACION,01/02/2022,11/11/2022,EN_EJECUCION,16980410,0,0,0,16980410,MENOR
